"","Series","1.1) Change in average food costs","1.2) Proportion of population under global poverty line","1.3) Gross domestic product per capita (US$ PPP)","1.4) Agricultural import tariffs","1.5) Presence and quality of food safety net programmes","1.5.1) Presence of food safety-net programmes","1.5.2) Funding for food safety net programmes","1.5.3) Coverage of food safety net programmes","1.5.4) Operation of food safety-net program","1.6) Access to financing for farmers","2.1.1) Average food supply","2.1.2) Change in dependency on chronic food aid","2.2) Public expenditure on agricultural R&D","2.3.1) Existence of adequate crop storage facilities","2.3.2) Road infrastructure","2.3.3) Port infrastructure","2.3.4) Air transport infrastructure","2.3.5) Rail infrastructure","2.3.6) Irrigation infrastructure","2.4) Volatility of agricultural production","2.5) Political stability risk","2.6) Corruption","2.7) Urban absorption capacity","2.8) Food loss","3.1) Dietary diversity","3.2.1) National dietary guidelines","3.2.2) National nutrition plan or strategy","3.2.3) Nutrition monitoring and surveillance","3.3.1) Dietary availability of vitamin A","3.3.2) Dietary availability of iron","3.3.3) Dietary availability of zinc","3.4) Protein quality","3.5.1) Agency to ensure the safety and health of food","3.5.2) Percentage of population with access to potable water","3.5.3) Ability to store food safely","4.1.1) Temperature rise","4.1.2) Drought","4.1.3) Flooding","4.1.4) Storm severity (AAL)","4.1.5) Sea level rise","4.1.6) Commitment to managing exposure","4.2.1) Agricultural water risk—quantity","4.2.2) Agricultural water risk—quality","4.3) Land","4.3.1) Land degradation","4.3.2) Grassland","4.3.3) Forest change","4.4) Oceans","4.4.1) Ocean eutrophication","4.4.2) Marine biodiversity","4.4.3) Marine protected areas","4.5.1) Food import dependency","4.5.2) Dependence on natural capital","4.5.3) Disaster risk management","4.6.1) Early warning measures/climate smart ag","4.6.2) National agricultural risk management system","4.7.1) Population growth (2015-20)","4.7.2) Urbanisation (2015-20)"
"1","Algeria",138.415684,0.8,15010,23.2,"n/a","n/a","n/a","n/a","n/a",2,"n/a","n/a","n/a","n/a",1,2,2,1,"n/a",0.101044204,60,3,0.220337371,8.870757824,43,"n/a","n/a","n/a","n/a","n/a","n/a",53.74,"1","93.46642653","n/a",50.81951384,2.284827875,-0.074860574,84.75548262,0.000326076,2,2.616694508,2.814480916,NA,"n/a","n/a",0.158287294,NA,"n/a","n/a","n/a",67.43291715,0.27172239,"n/a",0,5,1.98,2.26
"2","Angola",257.305475,23.6,6440,23.2,"n/a","n/a","n/a","n/a","n/a",1,"n/a","n/a","n/a","n/a",1,1,2,1,"n/a",0.09657271,55,4,-3.060027968,15.71041225,40,"n/a","n/a","n/a","n/a","n/a","n/a",40.66,"1","41.00586762","n/a",78.80226483,1.795036855,0.067526587,2.701274297,0.000835543,7,1.563779131,1.890621814,NA,"n/a","n/a",-1.501564129,NA,"n/a","n/a","n/a",41.66524703,0.494008799,"n/a",1,2,3.52,4.6
"3","Argentina",100,0.7,21380,10.4,"n/a","n/a","n/a","n/a","n/a",4,"n/a","n/a","n/a","n/a",2,2,2,2,"n/a",0.053714376,40,2,-0.214116581,3.052690278,64,"n/a","n/a","n/a","n/a","n/a","n/a",65.32,"1","99.62730019","n/a",39.72664959,1.805081029,0.055923267,55.50834674,0.008104465,2,2.385766179,2.538139482,NA,"n/a","n/a",-1.734942577,NA,"n/a","n/a","n/a",-131.7190807,0.380353288,"n/a",1,5,1.04,0.93
"4","Australia",100.6747,0.4,47437.7,1.2,"n/a","n/a","n/a","n/a","n/a",4,"n/a","n/a","n/a","n/a",3,3,4,3,"n/a",0.040838897,10,0,0.772723998,0.811965262,75,"n/a","n/a","n/a","n/a","n/a","n/a",80.14,"1","99.96870195","n/a",51.81429511,1.092575914,0.030111865,23.87183249,0.005550106,0,2.710322006,2.691700435,NA,"n/a","n/a",-0.532392643,NA,"n/a","n/a","n/a",-218.2250142,3.955132537,"n/a",0,6,1.46,1.37
"5","Austria",115.738831,0.6,51482.8,10.7,"n/a","n/a","n/a","n/a","n/a",4,"n/a","n/a","n/a","n/a",4,4,4,3,"n/a",0.071954223,20,1,0.513237728,2.548236097,74,"n/a","n/a","n/a","n/a","n/a","n/a",76.1,"1","100","n/a",41.82337372,2.032740752,0.070619532,41.18612265,0.038679321,10,2.068508276,2.153010278,NA,"n/a","n/a",0.407754689,NA,"n/a","n/a","n/a",13.34210649,0.072780241,"n/a",2,6,0.63,0.51
"6","Azerbaijan",149.519404,0,17320,13.3,"n/a","n/a","n/a","n/a","n/a",3,"n/a","n/a","n/a","n/a",2,2,3,1,"n/a",0.052159602,70,3,-2.654105062,2.052273545,37,"n/a","n/a","n/a","n/a","n/a","n/a",51.04,"1","84.37787214","n/a",49.18998516,1.596486802,0.052942059,86.49858913,0.008360294,0,1.900668171,3.239385613,NA,"n/a","n/a",3.229835322,NA,"n/a","n/a","n/a",37.24188037,0.112045963,"n/a",0,2,1.26,1.38
"7","Bahrain",111.477867,0,47110.9,5.4,"n/a","n/a","n/a","n/a","n/a",3,"n/a","n/a","n/a","n/a",3,3,3,0,"n/a",0.166650384,70,2,1.622238246,5.1,46,"n/a","n/a","n/a","n/a","n/a","n/a",57.5,"1","97.32714248","n/a",103.1481658,2.842904372,0.1055,100,0.061768665,1,2.442250216,4.881834681,NA,"n/a","n/a",0.257083356,NA,"n/a","n/a","n/a",97.13105316,0.000931573,"n/a",0,5,2.01,1.77
"8","Bangladesh",249.29,15.6,3579.8,16.9,"n/a","n/a","n/a","n/a","n/a",2,"n/a","n/a","n/a","n/a",1,2,1,1,"n/a",0.010883637,55,4,3.043859503,5.60855072,20,"n/a","n/a","n/a","n/a","n/a","n/a",30.61,"1","100","n/a",35.32,0.784641855,0.1117,20.13921986,0.371719223,4,1.927722339,1.766271398,NA,"n/a","n/a",-0.299608205,NA,"n/a","n/a","n/a",7.020194474,0.294998028,"n/a",0,6,1.16,3.19
"9","Belarus",442.38368,0,18188.8,10.7,"n/a","n/a","n/a","n/a","n/a",4,"n/a","n/a","n/a","n/a",1,1,1,1,"n/a",0.055172385,60,2,-2.527335799,2.129644602,62,"n/a","n/a","n/a","n/a","n/a","n/a",78.47,"1","98.0055556","n/a",43.9289843,1.98736815,0.091467105,0.03113879,0.011556343,2,1.665381283,1.644781841,NA,"n/a","n/a",1.762579425,NA,"n/a","n/a","n/a",2.494066593,0.754778482,"n/a",0,2,0.03,-0.04
"10","Belgium",112.801689,0.1,46305.7,10.7,"n/a","n/a","n/a","n/a","n/a",4,"n/a","n/a","n/a","n/a",3,4,4,3,"n/a",0.048431525,25,1,0.822326826,2.00989084,70,"n/a","n/a","n/a","n/a","n/a","n/a",78.49,"1","100","n/a",46.64224811,1.877825922,0.081837522,53.23509675,0.071185628,10,2.614238974,3.233774064,NA,"n/a","n/a",0.531704095,NA,"n/a","n/a","n/a",64.3638009,0.01886214,"n/a",2,6,0.63,0.36
"11","Benin",111.783596,39.5,2167.6,15.8,"n/a","n/a","n/a","n/a","n/a",1,"n/a","n/a","n/a","n/a",1,3,2,1,"n/a",0.040079501,50,3,0.531820078,11.46348476,28,"n/a","n/a","n/a","n/a","n/a","n/a",48.34,"1","67.0172867","n/a",74.44341865,1.554016439,0.088465394,1.18251928,0.012000267,7,1.409033783,0.75517469,NA,"n/a","n/a",-6.651294785,NA,"n/a","n/a","n/a",46.30282695,6.726689202,"n/a",0,2,2.79,3.55
"12","Bolivia",157.722496,5.7,7234.2,12.3,"n/a","n/a","n/a","n/a","n/a",2,"n/a","n/a","n/a","n/a",1,0,2,1,"n/a",0.07526456,55,3,1.89833419,2.457182673,48,"n/a","n/a","n/a","n/a","n/a","n/a",50.74,"1","92.88162636","n/a",83.36091547,2.385036093,0.050527401,51.85855492,0.00633023,8,2.125967004,1.117346704,NA,"n/a","n/a",-4.917382073,NA,"n/a","n/a","n/a",8.03986484,4.733249654,"n/a",0,4,1.56,2.11
"13","Botswana",132.440012,14.7,16962.9,8.6,"n/a","n/a","n/a","n/a","n/a",2,"n/a","n/a","n/a","n/a",3,2,3,2,"n/a",0.082845913,30,1,-0.702388236,4.749893231,51,"n/a","n/a","n/a","n/a","n/a","n/a",53.95,"1","79.17398525","n/a",52.81930185,2.403729146,0.043295467,44.90523016,0.000988471,3,1.568988182,2.698818338,NA,"n/a","n/a",-2.9908422,NA,"n/a","n/a","n/a",94.91996705,2.479577061,"n/a",1,4,1.84,1.38
"14","Brazil",174.384534,2.9,15220.5,10,"n/a","n/a","n/a","n/a","n/a",4,"n/a","n/a","n/a","n/a",1,1,2,1,"n/a",0.021079781,40,3,-3.448541885,7.521165822,66,"n/a","n/a","n/a","n/a","n/a","n/a",77.75,"1","97.49794257","n/a",85.54238523,1.083905041,0.059171503,1.442225579,0.004460565,5,1.44056588,1.802854106,NA,"n/a","n/a",-3.318441663,NA,"n/a","n/a","n/a",-23.22063381,2.006106341,"n/a",0,6,0.91,0.99
"15","Bulgaria",113.033656,1.4,19231,10.7,"n/a","n/a","n/a","n/a","n/a",4,"n/a","n/a","n/a","n/a",2,2,2,2,"n/a",0.114524532,35,3,3.517702169,12.4379587,57,"n/a","n/a","n/a","n/a","n/a","n/a",57.95,"1","99.25563508","n/a",49.87186155,1.568259923,0.068099613,58.87421428,0.00244373,10,2.175483354,2.253786228,NA,"n/a","n/a",4.708453281,NA,"n/a","n/a","n/a",-207.963028,1.762668659,"n/a",2,3,-0.62,-0.4
"16","Burkina Faso",108.601231,32.2,1771,15.8,"n/a","n/a","n/a","n/a","n/a",1,"n/a","n/a","n/a","n/a",1,0,2,1,"n/a",0.060919778,65,2,-0.869215508,7.504778775,35,"n/a","n/a","n/a","n/a","n/a","n/a",56.86,"0","53.85759552","n/a",74.25354889,1.71198581,0.083682521,0.180614088,0.005697065,7,1.671581272,1.12569256,NA,"n/a","n/a",-3.282163743,NA,"n/a","n/a","n/a",10.39336247,20.98524035,"n/a",1,6,2.98,5.29
"17","Burundi",175.355613,51.5,779.5,20.4,"n/a","n/a","n/a","n/a","n/a",1,"n/a","n/a","n/a","n/a",1,1,1,0,"n/a",0.191944892,80,4,-6.627651609,11,51,"n/a","n/a","n/a","n/a","n/a","n/a",29.59,"0","55.93411981","n/a",118.2969576,1.582113432,0.09731489,55.92485549,0.001540961,8,1.324382601,0.952774152,NA,"n/a","n/a",3.037383178,NA,"n/a","n/a","n/a",22.96982072,17.16054334,"n/a",2,3,3.03,5.48
"18","Cambodia",134.832094,21.6,3737,14.9,"n/a","n/a","n/a","n/a","n/a",2,"n/a","n/a","n/a","n/a",1,2,1,0,"n/a",0.055882301,65,4,4.420856208,10.83740778,28,"n/a","n/a","n/a","n/a","n/a","n/a",36.39,"1","74.97079565","n/a",65.79469872,0.655475354,0.031872729,0.003980892,0.019852978,3,1.632663481,0.949803604,NA,"n/a","n/a",-11.83435305,NA,"n/a","n/a","n/a",-2.977761116,2.028656627,"n/a",1,2,1.62,2.73
"19","Cameroon",110.368363,18.7,3610,22.5,"n/a","n/a","n/a","n/a","n/a",1,"n/a","n/a","n/a","n/a",1,2,2,1,"n/a",0.02737517,70,4,1.699666613,16.23555005,46,"n/a","n/a","n/a","n/a","n/a","n/a",54.95,"1","65.27996628","n/a",98.39379025,1.517884201,0.076927222,11.65919283,0.000594479,7,1.307211003,1.217210984,NA,"n/a","n/a",-6.981024307,NA,"n/a","n/a","n/a",29.24481848,4.729505503,"n/a",0,3,2.68,3.4
"20","Canada",113.479036,0.3,44789.8,16.7,"n/a","n/a","n/a","n/a","n/a",4,"n/a","n/a","n/a","n/a",3,4,3,4,"n/a",0.067595284,5,0,0.156313284,2.803879077,72,"n/a","n/a","n/a","n/a","n/a","n/a",78.22,"1","98.9","n/a",42.67018378,2.334068842,0.098818208,12.26527594,0.018193315,6,1.885094776,2.329435426,NA,"n/a","n/a",-0.080606938,NA,"n/a","n/a","n/a",-53.73002089,0.601347851,"n/a",2,6,1.02,1.16
"21","Chad",93.8,30.8,1990.7,21.9,"n/a","n/a","n/a","n/a","n/a",0,"n/a","n/a","n/a","n/a",1,0,1,0,"n/a",0.233516422,65,4,-4.574932096,8.769430803,32,"n/a","n/a","n/a","n/a","n/a","n/a",47.02,"0","42.53760447","n/a",57.39002691,2.602272492,0.13942203,0.436793422,0.000594479,9,2.031061543,1.312844865,NA,"n/a","n/a",-1.152318933,NA,"n/a","n/a","n/a",5.923911776,6.292559508,"n/a",0,4,3.28,3.7
"22","Chile",143.6777,1.3,23469.5,6,"n/a","n/a","n/a","n/a","n/a",4,"n/a","n/a","n/a","n/a",2,3,3,2,"n/a",0.028639942,20,1,0.744806563,4.419294014,56,"n/a","n/a","n/a","n/a","n/a","n/a",63.58,"1","100","n/a",68.60933967,1.835039742,-0.01140274,84.857165,0.009081477,3,2.416984921,2.530891085,NA,"n/a","n/a",2.556715784,NA,"n/a","n/a","n/a",36.94102413,12.14796231,"n/a",1,5,0.89,0.96
"23","China",134.418167,2.1,15700,15.6,"n/a","n/a","n/a","n/a","n/a",3,"n/a","n/a","n/a","n/a",3,3,3,3,"n/a",0.007477174,55,3,3.786342473,4.541381932,48,"n/a","n/a","n/a","n/a","n/a","n/a",69.28,"1","95.81802862","n/a",45.03412792,1.986912914,0.105650312,41.24823032,0.010489164,6,2.718383085,3.390963283,NA,"n/a","n/a",3.336202146,NA,"n/a","n/a","n/a",3.451286484,0.629330616,"n/a",1,6,0.54,2.3
"24","Colombia",136.636568,4.3,14305.3,14.9,"n/a","n/a","n/a","n/a","n/a",2,"n/a","n/a","n/a","n/a",1,2,2,1,"n/a",0.055358937,35,2,1.017689239,2.71063703,65,"n/a","n/a","n/a","n/a","n/a","n/a",50.34,"1","96.52202969","n/a",107.3329641,1.629219131,0.041987468,82.8105886,0.006237888,2,1.49031145,1.349321394,NA,"n/a","n/a",-2.971338441,NA,"n/a","n/a","n/a",60.95187286,0.822912988,"n/a",0,4,0.98,1.47
"25","Congo (Dem. Rep.)",134.150767,58,801.6,10.9,"n/a","n/a","n/a","n/a","n/a",0,"n/a","n/a","n/a","n/a",0,0,0,0,"n/a",0.068414284,80,4,-0.715652887,10.16666101,55,"n/a","n/a","n/a","n/a","n/a","n/a",29.77,"0","41.83799362","n/a",149.3297125,1.418719566,0.044931124,6.120058565,0.000159532,0,1.289080672,0.977070894,NA,"n/a","n/a",-2.060386846,NA,"n/a","n/a","n/a",31.73110264,33.75519492,"n/a",0,0,3.33,3.83
"26","Costa Rica",121.623123,1.3,16480.6,11.6,"n/a","n/a","n/a","n/a","n/a",3,"n/a","n/a","n/a","n/a",2,2,2,1,"n/a",0.03424999,15,1,2.083829728,10.66186445,66,"n/a","n/a","n/a","n/a","n/a","n/a",62.87,"1","99.69781668","n/a",94.30902967,0.65491425,-0.021182377,84.77818623,0.00834493,4,2.47731668,1.391973869,NA,"n/a","n/a",7.442224834,NA,"n/a","n/a","n/a",80.17975724,1.256184932,"n/a",0,2,1.12,2.1
"27","Cote d’Ivoire",112.157718,23.3,3692.8,15.8,"n/a","n/a","n/a","n/a","n/a",1,"n/a","n/a","n/a","n/a",1,3,2,1,"n/a",0.030420109,55,3,4.543824319,8.89182401,33,"n/a","n/a","n/a","n/a","n/a","n/a",44.49,"0","73.05741557","n/a",47.38362283,1.141210406,0.070053401,0.737265416,0.002973022,10,0.935672149,0.708158895,NA,"n/a","n/a",0.229559748,NA,"n/a","n/a","n/a",31.70521625,4.869316908,"n/a",2,2,2.49,3.39
"28","Czech Republic",119.377555,0,34550.5,10.7,"n/a","n/a","n/a","n/a","n/a",4,"n/a","n/a","n/a","n/a",3,3,3,2,"n/a",0.075936238,30,2,3.099136137,1.547110675,69,"n/a","n/a","n/a","n/a","n/a","n/a",65.81,"1","99.87968019","n/a",38.86269593,2.203051914,0.084104898,26.3111704,0.037724028,10,1.874035113,2.313823427,NA,"n/a","n/a",0.415070913,NA,"n/a","n/a","n/a",-32.92622177,0.164077467,"n/a",2,5,0.13,0.3
"29","Denmark",110.036688,0.2,49167.6,10.7,"n/a","n/a","n/a","n/a","n/a",4,"n/a","n/a","n/a","n/a",3,4,3,4,"n/a",0.022381106,20,1,0.598803074,3.046499748,71,"n/a","n/a","n/a","n/a","n/a","n/a",80.51,"1","100","n/a",91.53299995,0.718211822,0.08574692,9.753726507,0.118111072,10,0.461628108,1.240573788,NA,"n/a","n/a",0.686627831,NA,"n/a","n/a","n/a",-8.307493628,0.019031455,"n/a",2,6,0.48,0.58
"30","Dominican Republic",136.557089,1.7,15225.8,12.7,"n/a","n/a","n/a","n/a","n/a",2,"n/a","n/a","n/a","n/a",2,3,3,2,"n/a",0.030484084,40,3,3.640866203,3.960302622,68,"n/a","n/a","n/a","n/a","n/a","n/a",44.29,"1","94.4770736","n/a",135.254412,0.817606016,-0.049279339,90.05905609,0.016049012,0,2.314939749,2.504510869,NA,"n/a","n/a",10.28772511,NA,"n/a","n/a","n/a",64.67914203,1.977932094,"n/a",0,2,1.24,2
"31","Ecuador",127.767738,3.3,11143.3,18.3,"n/a","n/a","n/a","n/a","n/a",3,"n/a","n/a","n/a","n/a",2,1,3,1,"n/a",0.030794778,45,3,-2.455718535,3.939478139,66,"n/a","n/a","n/a","n/a","n/a","n/a",51.75,"1","92.60993222","n/a",170.8557279,2.70013798,0.081381923,85.45998525,0.012682297,2,1.924863079,1.323135829,NA,"n/a","n/a",-4.75535513,NA,"n/a","n/a","n/a",20.6528322,0.551889849,"n/a",0,4,1.56,1.8
"32","Egypt",237.232018,3,11707.6,60.5,"n/a","n/a","n/a","n/a","n/a",2,"n/a","n/a","n/a","n/a",2,4,3,1,"n/a",0.056988129,50,2,1.886702549,6.617450783,35,"n/a","n/a","n/a","n/a","n/a","n/a",66.53,"1","98.35749916","n/a",45.30530192,3.333506507,-0.066081595,53.48293865,0.015127735,3,2.066644317,1.627239832,NA,"n/a","n/a",0.014063991,NA,"n/a","n/a","n/a",39.43969415,0.468150105,"n/a",0,6,2.18,1.75
"33","El Salvador",112.172593,2.7,7731.4,11.7,"n/a","n/a","n/a","n/a","n/a",2,"n/a","n/a","n/a","n/a",1,2,2,0,"n/a",0.038459115,40,3,1.328249956,2.295517306,51,"n/a","n/a","n/a","n/a","n/a","n/a",53.67,"1","93.01307096","n/a",101.82835,0.977980431,-0.042430185,95.23320789,0.016578633,3,1.895866856,1.886563592,NA,"n/a","n/a",-3.233590734,NA,"n/a","n/a","n/a",36.58293692,0.912326809,"n/a",0,3,0.47,1.23
"34","Ethiopia",238.845483,22.7,1730,22.1,"n/a","n/a","n/a","n/a","n/a",1,"n/a","n/a","n/a","n/a",1,2,2,2,"n/a",0.038391979,70,3,1.237652775,5.298425251,24,"n/a","n/a","n/a","n/a","n/a","n/a",48.64,"1","39.12426158","n/a",93.48293622,1.439027553,0.064926229,2.123356926,0.008973221,6,1.578359827,1.027510839,NA,"n/a","n/a",-1.206,NA,"n/a","n/a","n/a",8.049913584,14.28095839,"n/a",0,3,2.6,4.64
"35","Finland",114.863991,0,43383.3,10.7,"n/a","n/a","n/a","n/a","n/a",4,"n/a","n/a","n/a","n/a",2,4,3,3,"n/a",0.058047887,15,0,0.327528002,0.430131856,68,"n/a","n/a","n/a","n/a","n/a","n/a",90.13,"1","100","n/a",59.99739873,2.327600245,0.103287173,100,0.005896998,10,1.200832033,2.15244295,NA,"n/a","n/a",-0.577240268,NA,"n/a","n/a","n/a",-14.89565289,0.587448905,"n/a",2,6,0.43,0.46
"36","France",106.446943,0.1,42697.3,10.7,"n/a","n/a","n/a","n/a","n/a",4,"n/a","n/a","n/a","n/a",4,4,4,4,"n/a",0.062725449,35,1,0.292543756,2.279225577,71,"n/a","n/a","n/a","n/a","n/a","n/a",84.2,"1","100","n/a",53.0325362,1.587621149,0.045955851,13.96605604,0.013786302,10,2.04989546,2.121630827,NA,"n/a","n/a",3.105209534,NA,"n/a","n/a","n/a",-87.14689954,0.036637762,"n/a",2,6,0.45,0.76
"37","Germany",114.745488,0,48719.2,10.7,"n/a","n/a","n/a","n/a","n/a",4,"n/a","n/a","n/a","n/a",3,4,4,3,"n/a",0.036221435,15,1,0.949486398,2.513323285,72,"n/a","n/a","n/a","n/a","n/a","n/a",77.71,"1","100","n/a",39.7231017,1.899880656,0.07215912,46.55832668,0.037724028,10,1.984561912,2.75513768,NA,"n/a","n/a",0.190962685,NA,"n/a","n/a","n/a",-11.57274464,0.028090931,"n/a",2,6,0.2,0.12
"38","Ghana",144.715869,11.1,4294.8,17.2,"n/a","n/a","n/a","n/a","n/a",1,"n/a","n/a","n/a","n/a",1,2,2,0,"n/a",0.019877453,35,2,1.282962215,19.30900114,34,"n/a","n/a","n/a","n/a","n/a","n/a",49.38,"1","77.79930236","n/a",114.4378503,1.152354539,0.062926769,0.195482189,0.008421107,6,1.24355434,0.982945193,NA,"n/a","n/a",1.880987958,NA,"n/a","n/a","n/a",26.07504186,15.34296574,"n/a",0,2,2.36,3.07
"39","Greece",103.988594,1.3,25755.6,10.7,"n/a","n/a","n/a","n/a","n/a",3,"n/a","n/a","n/a","n/a",2,3,2,2,"n/a",0.062990785,30,3,0.670481917,4.857737752,70,"n/a","n/a","n/a","n/a","n/a","n/a",80.44,"1","100","n/a",87.31885137,1.112041966,0.059202178,98.92946007,0.034287788,10,2.252414701,2.000303299,NA,"n/a","n/a",3.514352211,NA,"n/a","n/a","n/a",17.10227733,0.066614844,"n/a",2,6,-0.4,0.31
"40","Guatemala",165.84,8.2,7947.9,9.6,"n/a","n/a","n/a","n/a","n/a",2,"n/a","n/a","n/a","n/a",1,2,3,1,"n/a",0.059144215,40,3,0.710933362,4.216771346,53,"n/a","n/a","n/a","n/a","n/a","n/a",41.85,"1","93.59769747","n/a",81.00600698,0.679296212,-0.004494212,91.08814605,0.003135717,4,1.602841598,1.54035915,NA,"n/a","n/a",-6.23366928,NA,"n/a","n/a","n/a",40.54408342,2.197782739,"n/a",0,3,2.1,3.23
"41","Guinea",240.409266,28.4,1966.4,14.3,"n/a","n/a","n/a","n/a","n/a",0,"n/a","n/a","n/a","n/a",0,0,0,0,"n/a",0.029448831,50,4,-0.855392301,12.84912047,38,"n/a","n/a","n/a","n/a","n/a","n/a",36.77,"0","67.37254732","n/a",97.29786929,0.994551239,0.06289574,2.487562189,0.008087449,8,1.134235498,0.875461658,NA,"n/a","n/a",-2.197623311,NA,"n/a","n/a","n/a",15.17619698,24.53916275,"n/a",0,2,2.27,3.73
"42","Haiti",155.034531,19.2,1780,8.2,"n/a","n/a","n/a","n/a","n/a",0,"n/a","n/a","n/a","n/a",0,0,0,0,"n/a",0.020300177,55,4,-1.925436022,11.16309522,47,"n/a","n/a","n/a","n/a","n/a","n/a",34.62,"1","64.17431898","n/a",135.1026021,0.63049726,-0.026754809,83.90725549,0.020293737,2,1.973726858,2.419585549,NA,"n/a","n/a",-0.435413643,NA,"n/a","n/a","n/a",51.99467128,1.199799783,"n/a",1,4,1.38,2.93
"43","Honduras",127.228819,13.1,4754,10.3,"n/a","n/a","n/a","n/a","n/a",1,"n/a","n/a","n/a","n/a",1,3,2,1,"n/a",0.035566347,45,3,1.103657194,3.729002911,53,"n/a","n/a","n/a","n/a","n/a","n/a",50.58,"1","92.17872102","n/a",98.40439724,1.167131661,-0.020640624,86.21712794,0.026904735,3,0.910831897,1.081309719,NA,"n/a","n/a",-16.08722853,NA,"n/a","n/a","n/a",48.6996035,2.494519833,"n/a",1,3,1.79,2.85
"44","Hungary",116.808852,0.5,26832,10.7,"n/a","n/a","n/a","n/a","n/a",4,"n/a","n/a","n/a","n/a",3,2,3,2,"n/a",0.115397515,25,2,2.227934533,2.664637521,70,"n/a","n/a","n/a","n/a","n/a","n/a",59.79,"1","99.97125227","n/a",43.69065805,2.087161233,0.064125544,7.30173594,0.019895543,10,2.005048244,1.90599061,NA,"n/a","n/a",1.463987779,NA,"n/a","n/a","n/a",-58.09514649,0.115930383,"n/a",2,4,-0.29,0.36
"45","India",104.4025157,19.7,6597.7,32.7,"n/a","n/a","n/a","n/a","n/a",3,"n/a","n/a","n/a","n/a",1,1,2,1,"n/a",0.029678779,25,3,4.619471464,5.108912258,41,"n/a","n/a","n/a","n/a","n/a","n/a",38.61,"1","87.55914016","n/a",49.88131752,1.63849073,0.123697706,23.94993522,0.015334397,6,3.423260228,3.296489272,NA,"n/a","n/a",1.77990643,NA,"n/a","n/a","n/a",-8.860932518,0.687856613,"n/a",0,5,1.23,2.28
"46","Indonesia",161.698873,8.3,11738.7,7.6,"n/a","n/a","n/a","n/a","n/a",2,"n/a","n/a","n/a","n/a",1,2,2,2,"n/a",0.023718079,40,3,2.348593676,5.772520979,30,"n/a","n/a","n/a","n/a","n/a","n/a",38.7,"1","89.52403041","n/a",140.7062229,0.996067232,0.057501767,33.63683153,0.024888509,2,2.533458622,3.166467449,NA,"n/a","n/a",-4.636309941,NA,"n/a","n/a","n/a",10.57042891,1.012740032,"n/a",0,2,1.25,2.3
"47","Ireland",95.457992,0.4,71723.3,10.7,"n/a","n/a","n/a","n/a","n/a",4,"n/a","n/a","n/a","n/a",3,3,3,2,"n/a",0.06571716,20,1,10.25587037,2.390282653,66,"n/a","n/a","n/a","n/a","n/a","n/a",84.45,"1","98.92163909","n/a",52.94971742,1.259488542,0.072161283,7.256563024,0.011839376,10,2.156102445,3.425123316,NA,"n/a","n/a",1.728407606,NA,"n/a","n/a","n/a",36.39716841,0.042539777,"n/a",2,6,0.31,1.45
"48","Israel",105.591227,0.5,37267.1,11.9,"n/a","n/a","n/a","n/a","n/a",4,"n/a","n/a","n/a","n/a",2,2,3,2,"n/a",0.029679488,35,1,1.312008423,1.973956256,65,"n/a","n/a","n/a","n/a","n/a","n/a",82.87,"1","100","n/a",45.58457926,2.090842745,-0.039776915,97.58596207,0.011880356,0,4.051393896,4.216246364,NA,"n/a","n/a",0.554528651,NA,"n/a","n/a","n/a",91.58439227,0.062522401,"n/a",0,6,1.65,1.5
"49","Italy",110.03722,1.1,39168.7,10.7,"n/a","n/a","n/a","n/a","n/a",4,"n/a","n/a","n/a","n/a",3,2,2,2,"n/a",0.018433385,40,3,-0.156861183,1.980766459,66,"n/a","n/a","n/a","n/a","n/a","n/a",77.7,"1","100","n/a",65.2584312,1.313851292,0.04191162,92.63275112,0.039634614,10,2.697466704,2.74015996,NA,"n/a","n/a",3.152057999,NA,"n/a","n/a","n/a",34.46718174,0.004671044,"n/a",2,6,-0.08,0.32
"50","Japan",110.938196,0,42037.6,12.9,"n/a","n/a","n/a","n/a","n/a",4,"n/a","n/a","n/a","n/a",3,3,3,4,"n/a",0.025698837,15,1,0.599040829,2.582667784,59,"n/a","n/a","n/a","n/a","n/a","n/a",74.84,"1","98.9455414","n/a",104.1824217,0.873867775,0.080830066,92.96556611,0.039601456,9,2.561733185,2.702646703,NA,"n/a","n/a",0.21369647,NA,"n/a","n/a","n/a",67.34400398,0.015612426,"n/a",2,6,-0.09,0.15
"51","Jordan",110.254373,0.4,8740,17,"n/a","n/a","n/a","n/a","n/a",2,"n/a","n/a","n/a","n/a",2,3,3,0,"n/a",0.070055024,65,2,-0.819744141,6.35379579,52,"n/a","n/a","n/a","n/a","n/a","n/a",52.24,"1","98.56668018","n/a",45.78742722,2.859795007,-0.039634357,93.88956557,5.18414e-05,4,3.320923904,3.031306853,NA,"n/a","n/a",-0.00672075,NA,"n/a","n/a","n/a",95.32225465,1.169633583,"n/a",1,5,4.86,1.26
"52","Kazakhstan",161.358317,0.1,24358.5,10.7,"n/a","n/a","n/a","n/a","n/a",3,"n/a","n/a","n/a","n/a",2,1,3,3,"n/a",0.160036673,65,4,0.003465281,5.46435308,61,"n/a","n/a","n/a","n/a","n/a","n/a",61.78,"1","91.14559003","n/a",36.81992698,2.480831382,0.091970705,44.77094339,0.008651882,6,2.718992461,3.461526796,NA,"n/a","n/a",-0.020743046,NA,"n/a","n/a","n/a",-76.41786459,2.21655032,"n/a",2,4,1.58,0.94
"53","Kenya",199.883314,32.7,3156.1,20.2,"n/a","n/a","n/a","n/a","n/a",2,"n/a","n/a","n/a","n/a",0,1,1,1,"n/a",0.046672856,55,4,1.339068625,4.768479956,44,"n/a","n/a","n/a","n/a","n/a","n/a",42.57,"1","58.45677672","n/a",86.59072827,1.648592292,0.046802352,12.21574344,0.002176662,2,1.62432274,0.697606555,NA,"n/a","n/a",1.504023615,NA,"n/a","n/a","n/a",27.9002904,3.291225156,"n/a",1,3,2.66,4.15
"54","Kuwait",128.32895,0,69560,5.1,"n/a","n/a","n/a","n/a","n/a",4,"n/a","n/a","n/a","n/a",3,4,3,0,"n/a",0.110611884,60,3,-2.18209829,4.142902877,57,"n/a","n/a","n/a","n/a","n/a","n/a",76.69,"1","100","n/a",83.16380557,2.092678608,0.054163573,100,0.080997364,1,2.381418997,3.703863668,NA,"n/a","n/a",0.078563412,NA,"n/a","n/a","n/a",97.88369279,0.000695735,"n/a",1,4,5.44,2.29
"55","Laos",155.620553,20,6549.7,20.1,"n/a","n/a","n/a","n/a","n/a",0,"n/a","n/a","n/a","n/a",0,0,2,0,"n/a",0.055433703,50,4,2.618993579,5.334927467,28,"n/a","n/a","n/a","n/a","n/a","n/a",25.55,"1","80.44735551","n/a",39.89731599,0.88209517,0.041943765,2.3921743,0.066384857,8,1.612964859,1.00849267,NA,"n/a","n/a",9.685528596,NA,"n/a","n/a","n/a",-4.502556547,11.63250192,"n/a",1,2,1.3,4.13
"56","Madagascar",152.8762,57.9,1528.9,14.6,"n/a","n/a","n/a","n/a","n/a",1,"n/a","n/a","n/a","n/a",0,1,1,2,"n/a",0.029458878,45,4,-1.575106675,6.405767003,21,"n/a","n/a","n/a","n/a","n/a","n/a",31.42,"1","50.6213902","n/a",66.76010147,0.918076639,0.008056467,85.1514902,0.007610028,7,2.043405797,1.679300608,NA,"n/a","n/a",-0.955349668,NA,"n/a","n/a","n/a",12.85724718,12.83667009,"n/a",2,4,2.72,4.47
"57","Malawi",313.122645,53.2,1168.9,18.8,"n/a","n/a","n/a","n/a","n/a",0,"n/a","n/a","n/a","n/a",1,0,2,1,"n/a",0.062068534,50,4,-0.938956394,12.40868068,29,"n/a","n/a","n/a","n/a","n/a","n/a",37.48,"1","67.19508468","n/a",51.05681114,1.360733282,0.054952209,25.40222772,0.006095365,7,0.604364458,0.897992209,NA,"n/a","n/a",-4.454815443,NA,"n/a","n/a","n/a",6.007574336,9.592207732,"n/a",1,4,2.94,4.02
"58","Malaysia",126.114779,0.6,27703.9,9.4,"n/a","n/a","n/a","n/a","n/a",4,"n/a","n/a","n/a","n/a",2,3,4,2,"n/a",0.089906146,35,2,2.165321586,2.25865326,55,"n/a","n/a","n/a","n/a","n/a","n/a",60.09,"1","96.43380565","n/a",144.6189946,0.839832822,0.04679649,1.283763843,0.011697721,1,1.648476585,1.746542446,NA,"n/a","n/a",1.838380764,NA,"n/a","n/a","n/a",67.2032711,2.776067293,"n/a",0,3,1.78,2.19
"59","Mali",110.297387,36.3,2280,15.8,"n/a","n/a","n/a","n/a","n/a",1,"n/a","n/a","n/a","n/a",1,1,0,1,"n/a",0.058406351,55,3,0.53338895,4.676443737,32,"n/a","n/a","n/a","n/a","n/a","n/a",65.46,"1","74.26804958","n/a",65.92795891,3.116360777,0.033379713,0.334001336,0.01924311,6,1.617250102,0.528928645,NA,"n/a","n/a",-0.971160229,NA,"n/a","n/a","n/a",6.243751288,12.49653103,"n/a",1,4,2.95,4.97
"60","Mexico",138.00016,2.9,17760.8,15.6,"n/a","n/a","n/a","n/a","n/a",3,"n/a","n/a","n/a","n/a",2,3,2,2,"n/a",0.013661829,50,3,0.199203825,4.605029305,56,"n/a","n/a","n/a","n/a","n/a","n/a",66.13,"1","98.31047115","n/a",63.82982478,1.739805767,0.002068793,70.42847578,0.02434201,7,3.197210756,3.192097628,NA,"n/a","n/a",-0.934180406,NA,"n/a","n/a","n/a",26.61635406,0.787582895,"n/a",0,5,1.41,1.37
"61","Morocco",110.671323,4.1,7957.4,27.6,"n/a","n/a","n/a","n/a","n/a",2,"n/a","n/a","n/a","n/a",2,3,3,2,"n/a",0.041060985,60,3,1.05016895,6.4365484,39,"n/a","n/a","n/a","n/a","n/a","n/a",57.26,"1","82.96999532","n/a",52.79909155,2.174108075,-0.122761734,54.39820411,0.002144297,4,2.936548484,3.540157894,NA,"n/a","n/a",1.43177235,NA,"n/a","n/a","n/a",31.09821336,2.560466953,"n/a",0,5,1.42,1.92
"62","Mozambique",195.959889,46.6,1215.5,13.8,"n/a","n/a","n/a","n/a","n/a",1,"n/a","n/a","n/a","n/a",2,2,2,1,"n/a",0.16320348,55,3,1.180193708,5.338850008,27,"n/a","n/a","n/a","n/a","n/a","n/a",33.24,"0","47.25874511","n/a",59.18782457,1.310338947,0.034088394,56.69553631,0.01128547,3,1.354180141,1.587797675,NA,"n/a","n/a",-4.130318675,NA,"n/a","n/a","n/a",46.58181595,10.41975218,"n/a",0,2,2.91,3.36
"63","Myanmar",144.85,7.8,5822.2,8.6,"n/a","n/a","n/a","n/a","n/a",1,"n/a","n/a","n/a","n/a",1,1,2,0,"n/a",0.025863809,55,3,5.420575381,4.133117654,48,"n/a","n/a","n/a","n/a","n/a","n/a",50.47,"1","67.53664134","n/a",70.16294257,0.918318728,0.096284397,5.833405523,0.028015093,7,1.65352543,1.27014826,NA,"n/a","n/a",-8.884758138,NA,"n/a","n/a","n/a",-1.199180372,3.835268862,"n/a",2,6,0.88,2.29
"64","Nepal",114.4,15.8,2478.1,14.3,"n/a","n/a","n/a","n/a","n/a",2,"n/a","n/a","n/a","n/a",0,1,2,0,"n/a",0.062687626,60,3,-0.601957416,9.187638384,30,"n/a","n/a","n/a","n/a","n/a","n/a",47.63,"1","87.74666809","n/a",37.57493503,1.180279516,0.101423342,17.06780838,0.015334397,2,2.8013918,1.594958438,NA,"n/a","n/a",-1.84164632,NA,"n/a","n/a","n/a",6.524849892,1.464122601,"n/a",0,2,1.17,3.08
"65","Netherlands",109.220818,0.1,51100.9,10.7,"n/a","n/a","n/a","n/a","n/a",4,"n/a","n/a","n/a","n/a",3,4,4,4,"n/a",0.050825428,20,1,0.909208418,1.446214835,73,"n/a","n/a","n/a","n/a","n/a","n/a",85.85,"1","100","n/a",71.73856277,1.74657574,0.083441705,19.46392765,0.554053158,10,2.018351784,2.952122106,NA,"n/a","n/a",0.497074666,NA,"n/a","n/a","n/a",84.04620626,0.002768284,"n/a",2,6,0.3,0.72
"66","New Zealand",96.557,0,38624.3,1.4,"n/a","n/a","n/a","n/a","n/a",4,"n/a","n/a","n/a","n/a",3,4,4,2,"n/a",0.028876551,15,0,2.106618812,4.752894571,72,"n/a","n/a","n/a","n/a","n/a","n/a",71,"1","100","n/a",75.45479874,0.820393787,0.048742501,47.9971397,0.010878455,7,1.387210809,1.184706881,NA,"n/a","n/a",0.049371463,NA,"n/a","n/a","n/a",33.6293355,0.621072307,"n/a",2,6,1.09,0.98
"67","Nicaragua",147.237845,3.4,5520.6,10.6,"n/a","n/a","n/a","n/a","n/a",2,"n/a","n/a","n/a","n/a",2,1,2,0,"n/a",0.027634873,60,4,2.930879881,3.044719888,49,"n/a","n/a","n/a","n/a","n/a","n/a",49.87,"1","82.25617046","n/a",92.11123893,0.792345387,-0.032258816,68.89831273,0.028670786,0,2.097571674,0.992519586,NA,"n/a","n/a",-5.816852252,NA,"n/a","n/a","n/a",28.08959132,4.114745588,"n/a",0,5,1.17,1.84
"68","Niger",97.7,33.6,1300,15.8,"n/a","n/a","n/a","n/a","n/a",1,"n/a","n/a","n/a","n/a",0,0,1,1,"n/a",0.084880226,70,3,-1.5445032,11.30920719,39,"n/a","n/a","n/a","n/a","n/a","n/a",51.18,"0","45.83537798","n/a",56.01127615,3.578446548,0.161394793,0,0.002822485,6,1.650492804,0.996351868,NA,"n/a","n/a",-0.146838241,NA,"n/a","n/a","n/a",9.854087357,13.04508092,"n/a",2,5,3.84,5.49
"69","Nigeria",197.778094,40.3,5860,15.8,"n/a","n/a","n/a","n/a","n/a",2,"n/a","n/a","n/a","n/a",1,0,1,0,"n/a",0.097598668,45,3,-3.828874189,10.5326798,34,"n/a","n/a","n/a","n/a","n/a","n/a",52.03,"1","67.34496767","n/a",65.5184588,2.717704807,0.082713577,3.659185193,0.002822485,8,1.554759517,0.993739323,NA,"n/a","n/a",-6.745940248,NA,"n/a","n/a","n/a",25.00725175,1.347744426,"n/a",1,5,2.66,4.3
"70","Norway",108.737148,0.1,58506.7,43.6,"n/a","n/a","n/a","n/a","n/a",4,"n/a","n/a","n/a","n/a",3,4,4,3,"n/a",0.024364882,0,0,-0.260660315,1.500079478,69,"n/a","n/a","n/a","n/a","n/a","n/a",84.74,"1","100","n/a",56.42398647,1.835715159,0.09222814,100,0.011061966,6,1.10594863,1.167675006,NA,"n/a","n/a",-0.002737888,NA,"n/a","n/a","n/a",43.05876379,0.051062485,"n/a",2,6,1.25,1.31
"71","Oman",108.822329,0,43109.6,10.9,"n/a","n/a","n/a","n/a","n/a",2,"n/a","n/a","n/a","n/a",4,4,3,0,"n/a",0.141995708,60,2,-5.618086926,3.249319962,62,"n/a","n/a","n/a","n/a","n/a","n/a",62,"1","90.943688","n/a",87.65579056,3.393629505,0.001786069,100,0.007597579,2,2.865961011,2.483657481,NA,"n/a","n/a",0,NA,"n/a","n/a","n/a",93.22982375,0.01355102,"n/a",0,5,6.45,2.17
"72","Pakistan",223.58,9.5,5230.6,13.3,"n/a","n/a","n/a","n/a","n/a",3,"n/a","n/a","n/a","n/a",1,2,2,1,"n/a",0.034389428,60,3,1.987528173,3.497863453,50,"n/a","n/a","n/a","n/a","n/a","n/a",40.95,"0","88.54555632","n/a",51.07340834,2.483407447,0.010506309,22.43262379,0.014102268,6,3.743018301,4.02632314,NA,"n/a","n/a",-0.835408883,NA,"n/a","n/a","n/a",-14.06342143,0.289682133,"n/a",2,6,2.09,2.77
"73","Panama",124.331028,2.1,22104.2,12.2,"n/a","n/a","n/a","n/a","n/a",2,"n/a","n/a","n/a","n/a",3,4,3,2,"n/a",0.006596177,35,3,3.371790789,3.029439519,55,"n/a","n/a","n/a","n/a","n/a","n/a",60.28,"1","95.00022473","n/a",98.16593234,0.929933544,0.010587263,84.51228593,0.015841502,0,1.684309948,1.251439338,NA,"n/a","n/a",-3.362927092,NA,"n/a","n/a","n/a",61.61891091,0.186495879,"n/a",0,3,1.71,1.94
"74","Paraguay",135.710076,2,9560.2,9.9,"n/a","n/a","n/a","n/a","n/a",2,"n/a","n/a","n/a","n/a",1,2,2,1,"n/a",0.338953981,35,3,1.82048361,10.91825744,56,"n/a","n/a","n/a","n/a","n/a","n/a",55.09,"1","98.88534157","n/a",47.12670041,1.222727483,0.040827929,0.172954275,0.010960411,2,1.160967023,1.306961149,NA,"n/a","n/a",-10.18122326,NA,"n/a","n/a","n/a",-138.1711482,2.197585863,"n/a",0,4,1.34,2.02
"75","Peru",127.912485,3.2,11744.5,2.8,"n/a","n/a","n/a","n/a","n/a",2,"n/a","n/a","n/a","n/a",2,2,2,1,"n/a",0.033688722,35,3,2.229280996,8.836327983,43,"n/a","n/a","n/a","n/a","n/a","n/a",57.79,"1","89.86763835","n/a",108.1962107,3.528066554,0.064207182,91.03938747,0.003578982,4,2.609485387,2.669816145,NA,"n/a","n/a",-1.6984375,NA,"n/a","n/a","n/a",43.7651351,5.649350492,"n/a",0,4,1.32,1.57
"76","Philippines",124.3263825,9.4,7793.2,9.9,"n/a","n/a","n/a","n/a","n/a",2,"n/a","n/a","n/a","n/a",1,1,2,0,"n/a",0.021877531,50,4,5.124965447,2.709916017,41,"n/a","n/a","n/a","n/a","n/a","n/a",40.32,"1","90.5029776","n/a",102.5316029,0.651791935,0.040463898,93.0893933,0.028187525,0,2.58494131,2.704719331,NA,"n/a","n/a",3.39739075,NA,"n/a","n/a","n/a",11.90574072,1.543746268,"n/a",0,3,1.64,1.57
"77","Poland",110.801422,0,27111.5,10.7,"n/a","n/a","n/a","n/a","n/a",4,"n/a","n/a","n/a","n/a",1,3,3,2,"n/a",0.039827797,45,2,3.384744437,3.663209852,59,"n/a","n/a","n/a","n/a","n/a","n/a",73.19,"1","97.8885955","n/a",44.13243457,2.031925655,0.08714061,23.30038379,0.011538117,10,1.929221712,1.63775427,NA,"n/a","n/a",1.237655229,NA,"n/a","n/a","n/a",-10.85390823,0.54565435,"n/a",2,5,-0.03,0.02
"78","Portugal",107.274887,0.5,30609.5,10.7,"n/a","n/a","n/a","n/a","n/a",4,"n/a","n/a","n/a","n/a",4,3,3,2,"n/a",0.050488555,15,2,1.052656716,2.921187645,68,"n/a","n/a","n/a","n/a","n/a","n/a",90.87,"1","99.90456968","n/a",45.47155631,1.471995463,0.02085703,5.190450644,0.00651386,10,2.150009681,2.864474736,NA,"n/a","n/a",-1.799423934,NA,"n/a","n/a","n/a",69.44999369,0.259370922,"n/a",2,6,-0.44,0.76
"79","Qatar",107.081227,0,126879.4,5.4,"n/a","n/a","n/a","n/a","n/a",4,"n/a","n/a","n/a","n/a",3,3,4,0,"n/a",0.070435911,40,2,-0.598957824,4.1,59,"n/a","n/a","n/a","n/a","n/a","n/a",73.9,"1","100","n/a",82.7734179,2.664111968,0.018766764,100,0.09563509,0,2.399851085,4.839357658,NA,"n/a","n/a",0,NA,"n/a","n/a","n/a",99.20490502,0.000128226,"n/a",0,6,6.65,1.63
"80","Romania",97.7,0.5,23112.8,10.7,"n/a","n/a","n/a","n/a","n/a",4,"n/a","n/a","n/a","n/a",2,1,3,2,"n/a",0.158994296,35,3,4.204230102,2.043133363,55,"n/a","n/a","n/a","n/a","n/a","n/a",72.19,"1","100","n/a",50.61979548,1.875194604,0.0592579,32.96921549,0.027318192,10,1.880354981,2.073254122,NA,"n/a","n/a",2.106858982,NA,"n/a","n/a","n/a",-59.75813057,0.233631687,"n/a",2,3,-0.56,0.05
"81","Russia",173.718542,0,24732.8,10.8,"n/a","n/a","n/a","n/a","n/a",4,"n/a","n/a","n/a","n/a",1,2,3,2,"n/a",0.067863899,60,4,-1.200186829,1.981124151,59,"n/a","n/a","n/a","n/a","n/a","n/a",73.53,"1","96.37505701","n/a",45.20338866,1.770758954,0.120712346,5.921092347,0.006814599,7,1.766181159,1.920479568,NA,"n/a","n/a",0.359215544,NA,"n/a","n/a","n/a",-24.13599907,1.245324701,"n/a",2,5,0.1,-0.15
"82","Rwanda",172.539197,43.1,1912.9,20.2,"n/a","n/a","n/a","n/a","n/a",1,"n/a","n/a","n/a","n/a",1,1,1,0,"n/a",0.044158875,60,2,0.120247456,4.315403075,50,"n/a","n/a","n/a","n/a","n/a","n/a",39.43,"0","56.71010797","n/a",117.641101,1.801926563,0.091958004,41.7654809,0.001540961,4,1.311722392,1.055160268,NA,"n/a","n/a",5.512768545,NA,"n/a","n/a","n/a",6.684410618,6.724796647,"n/a",1,5,2.53,5.59
"83","Saudi Arabia",99.3,0,55212.9,6,"n/a","n/a","n/a","n/a","n/a",4,"n/a","n/a","n/a","n/a",3,3,3,2,"n/a",0.067022943,55,2,-0.381275913,3.334408833,52,"n/a","n/a","n/a","n/a","n/a","n/a",57.8,"1","99.99289263","n/a",90.11791787,2.064052593,0.005452588,100,0.004476856,2,3.596277803,3.626910811,NA,"n/a","n/a",0,NA,"n/a","n/a","n/a",94.85407585,0.059968431,"n/a",0,5,2.81,1.81
"84","Senegal",121.938069,29.6,2566.4,15.8,"n/a","n/a","n/a","n/a","n/a",1,"n/a","n/a","n/a","n/a",1,2,2,0,"n/a",0.141686135,40,2,2.523674556,4.463422317,40,"n/a","n/a","n/a","n/a","n/a","n/a",46.04,"1","75.18863166","n/a",95.90872168,3.712473034,-0.028243189,6.568144499,0.035513198,6,1.621663905,0.724202769,NA,"n/a","n/a",-3.246247338,NA,"n/a","n/a","n/a",57.21695794,5.77589579,"n/a",1,6,2.96,3.53
"85","Serbia",130.900098,0.2,14515.6,13.9,"n/a","n/a","n/a","n/a","n/a",3,"n/a","n/a","n/a","n/a",2,2,3,2,"n/a",0.139915309,45,3,2.574903166,4.052223378,60,"n/a","n/a","n/a","n/a","n/a","n/a",57.87,"1","91.18245316","n/a",45.96430413,1.876666917,0.065838938,16.97182382,0.014049682,0,1.814674817,1.803956986,NA,"n/a","n/a",2.789846787,NA,"n/a","n/a","n/a",-29.98813174,0.945650984,"n/a",0,6,-0.4,-0.29
"86","Sierra Leone",170.279257,38,1480,15.4,"n/a","n/a","n/a","n/a","n/a",1,"n/a","n/a","n/a","n/a",1,0,1,0,"n/a",0.017521546,50,3,-6.149228329,34.75538198,37,"n/a","n/a","n/a","n/a","n/a","n/a",37.36,"0","58.09139672","n/a",93.96263357,0.850796924,0.100100142,1.926782274,0.017087436,3,0.877730745,1.142083588,NA,"n/a","n/a",1.690218897,NA,"n/a","n/a","n/a",17.92197211,23.46867846,"n/a",1,2,2.28,2.72
"87","Singapore",116.215751,0,91618.7,1.1,"n/a","n/a","n/a","n/a","n/a",4,"n/a","n/a","n/a","n/a",4,4,4,4,"n/a",0.050416682,20,0,0.567958262,0.430131856,55.5,"n/a","n/a","n/a","n/a","n/a","n/a",71.85666667,"1","100","n/a",159.6754238,1.685699153,0.016910853,100,0.147157617,1,2.520330729,3.082582172,NA,"n/a","n/a",-1.342336273,NA,"n/a","n/a","n/a",97.88369279,0.000451828,"n/a",0,5,1.74,1.5
"88","Slovakia",109.815548,0.5,30386.1,10.7,"n/a","n/a","n/a","n/a","n/a",3,"n/a","n/a","n/a","n/a",2,2,3,2,"n/a",0.119567889,30,2,3.691836292,2.254201603,65,"n/a","n/a","n/a","n/a","n/a","n/a",48.79,"1","97.925558","n/a",44.13844173,2.055304855,0.073616099,10.27693967,0.024631073,10,1.782262288,1.991612052,NA,"n/a","n/a",0.406753043,NA,"n/a","n/a","n/a",-32.29870069,0.274073353,"n/a",2,6,0.13,-0.09
"89","South Africa",159.216069,15.2,13250.8,8.5,"n/a","n/a","n/a","n/a","n/a",3,"n/a","n/a","n/a","n/a",2,3,3,2,"n/a",0.037618253,35,2,-1.423464866,3.845338004,47,"n/a","n/a","n/a","n/a","n/a","n/a",54.83,"1","84.69726547","n/a",47.61062094,1.822688674,0.028544042,39.78553662,0.000988471,0,2.540976724,2.110937818,NA,"n/a","n/a",0,NA,"n/a","n/a","n/a",-2.585703942,2.854980251,"n/a",0,6,1.39,1.33
"90","South Korea",120.303049,0.3,36957.1,56.8,"n/a","n/a","n/a","n/a","n/a",4,"n/a","n/a","n/a","n/a",3,3,3,3,"n/a",0.040224709,40,2,2.163254346,4.557263166,56,"n/a","n/a","n/a","n/a","n/a","n/a",75.34,"1","99.59492443","n/a",65.71462115,0.762705259,0.105194048,7.605054364,0.018172918,0,2.745635433,3.374462198,NA,"n/a","n/a",-1.748988463,NA,"n/a","n/a","n/a",70.87148747,0.017221681,"n/a",0,6,0.42,0.55
"91","Spain",110.035779,0.9,36410,10.7,"n/a","n/a","n/a","n/a","n/a",4,"n/a","n/a","n/a","n/a",4,3,4,3,"n/a",0.141523274,30,2,2.870017596,2.61609806,75,"n/a","n/a","n/a","n/a","n/a","n/a",79.47,"1","99.94341049","n/a",47.09734007,1.855686997,0.002817865,6.236104654,0.004747829,10,2.129409419,3.103063907,NA,"n/a","n/a",2.798351637,NA,"n/a","n/a","n/a",25.01296233,0.061747107,"n/a",2,6,-0.17,0.52
"92","Sri Lanka",119.2,1.8,12623.4,23.7,"n/a","n/a","n/a","n/a","n/a",3,"n/a","n/a","n/a","n/a",1,3,2,1,"n/a",0.072409721,40,3,3.681637735,3.923538509,42,"n/a","n/a","n/a","n/a","n/a","n/a",36.89,"1","92.31186429","n/a",101.6710834,0.681392635,0.087496208,13.68440014,0.029297478,4,2.130736919,1.877952017,NA,"n/a","n/a",-1.945463244,NA,"n/a","n/a","n/a",15.13400642,0.156189642,"n/a",0,3,0.5,1.11
"93","Sudan",519.928432,13.6,6850,30.3,"n/a","n/a","n/a","n/a","n/a",1,"n/a","n/a","n/a","n/a",0,1,2,0,"n/a",0.033106561,65,4,0.189487808,10,53,"n/a","n/a","n/a","n/a","n/a","n/a",58.86,"1","58.93144857","n/a",71.12529336,2.880180346,0.058018729,2.569331158,0.000690294,4,1.727865104,1.375501038,NA,"n/a","n/a",-4.113308081,NA,"n/a","n/a","n/a",31.23963594,3.531358125,"n/a",1,3,2.34,3.02
"94","Sweden",109.678039,0.4,49239,10.7,"n/a","n/a","n/a","n/a","n/a",4,"n/a","n/a","n/a","n/a",4,4,4,4,"n/a",0.015902739,15,0,1.86902801,1.761728527,72,"n/a","n/a","n/a","n/a","n/a","n/a",87.43,"1","100","n/a",56.16296279,1.179227611,0.106143569,4.729846366,0.008423225,10,1.45346992,1.91110167,NA,"n/a","n/a",0.289604933,NA,"n/a","n/a","n/a",-8.091512219,0.396448065,"n/a",2,6,0.78,0.86
"95","Switzerland",96.772706,0,63677.4,36.1,"n/a","n/a","n/a","n/a","n/a",4,"n/a","n/a","n/a","n/a",4,4,4,4,"n/a",0.034795424,15,0,0.030016462,1.313977662,76,"n/a","n/a","n/a","n/a","n/a","n/a",69.57,"1","100","n/a",45.7845147,1.892682743,0.049318696,48.20837725,0.030381648,6,1.811239997,1.495756117,NA,"n/a","n/a",1.524488206,NA,"n/a","n/a","n/a",48.24649277,0.009499695,"n/a",2,6,1.21,1.1
"96","Syria",941,25.45,3640,24,"n/a","n/a","n/a","n/a","n/a",0,"n/a","n/a","n/a","n/a",1,1,0,0,"n/a",0.148575874,85,4,0.026292738,6,36,"n/a","n/a","n/a","n/a","n/a","n/a",63.76,"0","96.74485039","n/a",48.59189087,2.377893123,0.019187983,56.55386714,8.11045e-05,0,2.624621756,3.28581869,NA,"n/a","n/a",0.323218404,NA,"n/a","n/a","n/a",42.26102394,0,"n/a",0,2,-2.3,3.59
"97","Tajikistan",159.446554,5.3,2980,10.5,"n/a","n/a","n/a","n/a","n/a",1,"n/a","n/a","n/a","n/a",1,0,1,0,"n/a",0.086133926,80,4,-1.339381904,3.486180277,38,"n/a","n/a","n/a","n/a","n/a","n/a",29.87,"1","74.13972956","n/a",41.81406391,2.442615574,0.053226093,57.19357415,0.007689834,1,2.898207068,2.805621867,NA,"n/a","n/a",0.039190736,NA,"n/a","n/a","n/a",43.22820782,1.906433991,"n/a",0,2,2.24,2.72
"98","Tanzania",106.9504734,36.3,2689.8,20.5,"n/a","n/a","n/a","n/a","n/a",1,"n/a","n/a","n/a","n/a",1,1,2,1,"n/a",0.032444081,50,3,1.558590583,9.203638989,43,"n/a","n/a","n/a","n/a","n/a","n/a",40.52,"1","50.14528001","n/a",67.78739418,1.461052483,0.056429371,40.83294191,0.000905259,5,1.927940662,1.137531214,NA,"n/a","n/a",-6.615488824,NA,"n/a","n/a","n/a",9.733590964,6.777360495,"n/a",2,5,3.12,5
"99","Thailand",101.500154,0.1,17115,30.7,"n/a","n/a","n/a","n/a","n/a",4,"n/a","n/a","n/a","n/a",2,2,2,1,"n/a",0.026595309,60,3,0.184097437,3.710001177,50,"n/a","n/a","n/a","n/a","n/a","n/a",44.08,"1","98.23114483","n/a",77.4772535,1.042447407,0.055073317,1.267847599,0.024554295,1,1.840281146,1.367774125,NA,"n/a","n/a",-1.19790953,NA,"n/a","n/a","n/a",-14.03623246,0.588600787,"n/a",1,4,0.43,2.2
"100","Togo",106.854448,37.1,1490.5,15.8,"n/a","n/a","n/a","n/a","n/a",0,"n/a","n/a","n/a","n/a",0,2,2,0,"n/a",0.10883302,60,3,1.28477876,11.88167618,28,"n/a","n/a","n/a","n/a","n/a","n/a",41.45,"1","62.81763777","n/a",113.3143719,1.20384663,0.074779856,0.635785649,0.003487328,7,1.250621314,0.520050093,NA,"n/a","n/a",-5.478948336,NA,"n/a","n/a","n/a",15.26652015,24.6673569,"n/a",1,2,2.63,3.6
"101","Tunisia",137.747255,2.3,11609,33,"n/a","n/a","n/a","n/a","n/a",2,"n/a","n/a","n/a","n/a",2,2,3,1,"n/a",0.07453809,55,2,0.107633623,5.083767623,47,"n/a","n/a","n/a","n/a","n/a","n/a",59.48,"1","94.23021796","n/a",53.67181646,1.890485681,-0.049025964,70.58397334,0.018703508,5,2.713190271,2.909401646,NA,"n/a","n/a",1.3130793,NA,"n/a","n/a","n/a",70.53150975,0.914368956,"n/a",1,2,1.16,1.28
"102","Turkey",171.62133,0.4,25190,42.7,"n/a","n/a","n/a","n/a","n/a",4,"n/a","n/a","n/a","n/a",2,2,4,2,"n/a",0.01861465,65,3,1.208040385,9.249537461,53,"n/a","n/a","n/a","n/a","n/a","n/a",62.28,"1","98.89935342","n/a",55.10688492,1.703591219,0.039195056,88.1505076,0.005417529,8,2.410814888,2.684276554,NA,"n/a","n/a",1.990566896,NA,"n/a","n/a","n/a",6.506770858,0.307887556,"n/a",2,5,1.58,1.54
"103","Uganda",185.195928,28.2,1886,20.3,"n/a","n/a","n/a","n/a","n/a",1,"n/a","n/a","n/a","n/a",1,1,2,0,"n/a",0.022249899,65,3,-0.270866764,4.105208973,55,"n/a","n/a","n/a","n/a","n/a","n/a",42.86,"1","38.92146587","n/a",54.87063585,1.433221111,0.061734198,51.80159102,0.001540961,7,0.264375711,0.88572818,NA,"n/a","n/a",-9.005326205,NA,"n/a","n/a","n/a",7.302546367,13.53958599,"n/a",2,1,3.37,5.3
"104","Ukraine",186.105379,0.1,8307.2,9.2,"n/a","n/a","n/a","n/a","n/a",2,"n/a","n/a","n/a","n/a",1,2,0,2,"n/a",0.105971419,65,4,-2.099187251,3.740082587,58,"n/a","n/a","n/a","n/a","n/a","n/a",60.91,"1","97.73177956","n/a",49.55018924,1.516309787,0.10198084,0.745825699,0.016298086,0,2.54210679,2.991154756,NA,"n/a","n/a",0.255459091,NA,"n/a","n/a","n/a",-76.93063917,1.857733747,"n/a",0,4,-0.5,-0.35
"105","United Arab Emirates",119.549931,0,74120,5.4,"n/a","n/a","n/a","n/a","n/a",4,"n/a","n/a","n/a","n/a",2,4,4,1,"n/a",0.098842684,45,1,1.797794586,6.129243612,58,"n/a","n/a","n/a","n/a","n/a","n/a",69.53,"1","99.63076458","n/a",88.14431286,3.221197405,0.003218055,100,0.0426721,2,3.37905698,4.33473662,NA,"n/a","n/a",0.150717703,NA,"n/a","n/a","n/a",98.20579108,0.000208412,"n/a",0,4,2.03,2.32
"106","United Kingdom",107.576557,0.1,42663.7,10.7,"n/a","n/a","n/a","n/a","n/a",4,"n/a","n/a","n/a","n/a",3,3,2,3,"n/a",0.040208639,25,0,0.746586582,1.284747084,68,"n/a","n/a","n/a","n/a","n/a","n/a",77.31,"1","100","n/a",53.23499473,1.741738571,0.0715104,50.65283481,0.036663039,10,2.527203232,2.805215558,NA,"n/a","n/a",0.785351135,NA,"n/a","n/a","n/a",17.36911926,0.004961417,"n/a",2,5,0.65,0.82
"107","United States",109.550795,1.1,57502.9,5.2,"n/a","n/a","n/a","n/a","n/a",4,"n/a","n/a","n/a","n/a",3,3,4,3,"n/a",0.031725282,20,1,1.190292505,0.959776095,75,"n/a","n/a","n/a","n/a","n/a","n/a",84.45,"1","99.20043461","n/a",45.38333096,1.798351599,0.067891793,82.12114452,0.01394365,6,2.607794644,3.508240057,NA,"n/a","n/a",0.769548957,NA,"n/a","n/a","n/a",-14.12323638,0.099637358,"n/a",2,6,0.72,0.99
"108","Uruguay",176.175942,0.1,21770,9.9,"n/a","n/a","n/a","n/a","n/a",4,"n/a","n/a","n/a","n/a",3,2,3,1,"n/a",0.071661202,25,1,0.376082873,11.09475188,55,"n/a","n/a","n/a","n/a","n/a","n/a",65.47,"1","99.24911101","n/a",29.99258793,1.104881067,0.061422124,0,0.020316204,6,1.339993198,1.483772837,NA,"n/a","n/a",2.715689635,NA,"n/a","n/a","n/a",-74.68250174,1.640155398,"n/a",2,4,0.34,0.44
"109","Uzbekistan",160.4024355,14.1,6500,19,"n/a","n/a","n/a","n/a","n/a",2,"n/a","n/a","n/a","n/a",1,0,1,3,"n/a",0.009904674,70,4,3.500174565,2.194274461,42,"n/a","n/a","n/a","n/a","n/a","n/a",44.24,"1","91.45864126","n/a",38.55554788,2.56296034,0.082913183,74.10517304,0.007689834,4,3.187502053,3.849988499,NA,"n/a","n/a",0.018570757,NA,"n/a","n/a","n/a",20.57720575,4.643716964,"n/a",1,3,1.59,1.62
"110","Venezuela",2695.197907,9.664556962,14570,11.9,"n/a","n/a","n/a","n/a","n/a",1,"n/a","n/a","n/a","n/a",1,2,2,0,"n/a",0.094318864,75,4,-9.656802501,3.949330713,59,"n/a","n/a","n/a","n/a","n/a","n/a",66.99,"1","97.41722394","n/a",86.96981773,1.379459371,-0.001566394,90.65997181,0.009877688,3,2.115821109,1.665180378,NA,"n/a","n/a",-2.798027323,NA,"n/a","n/a","n/a",54.08188101,0.411463636,"n/a",1,6,1.41,1.38
"111","Vietnam",153.4823808,3,6295.6,16.3,"n/a","n/a","n/a","n/a","n/a",4,"n/a","n/a","n/a","n/a",1,2,2,1,"n/a",0.034720805,50,3,3.460513146,7.201590922,40,"n/a","n/a","n/a","n/a","n/a","n/a",46.9,"1","91.19176624","n/a",61.70548572,0.66395198,0.040472913,3.395522859,0.154747297,6,1.850501346,1.451031143,NA,"n/a","n/a",9.943958206,NA,"n/a","n/a","n/a",1.332027507,0.941568604,"n/a",0,1,1.12,2.59
"112","Yemen",160.509,17.3,2440,10.4,"n/a","n/a","n/a","n/a","n/a",0,"n/a","n/a","n/a","n/a",0,0,0,0,"n/a",0.062988808,80,4,-18.92572379,2.735552788,36,"n/a","n/a","n/a","n/a","n/a","n/a",36.99,"0","70.35886323","n/a",94.72470364,1.731892567,0.043486906,100,0.005334423,5,3.56464494,3.36524579,NA,"n/a","n/a",0,NA,"n/a","n/a","n/a",81.84366312,0.057169585,"n/a",1,1,2.62,3.76
"113","Zambia",188.68,44.5,3938.7,19,"n/a","n/a","n/a","n/a","n/a",2,"n/a","n/a","n/a","n/a",1,1,2,1,"n/a",0.073897413,50,3,-1.132807196,2.516134342,28,"n/a","n/a","n/a","n/a","n/a","n/a",30.68,"n/a","n/a","n/a",65.11398283,1.84730742,0.058314705,40.14295596,0.006095365,9,1.208732437,0.392129847,NA,"n/a","n/a",-3.361627141,NA,"n/a","n/a","n/a",-9.116467269,14.36347855,"n/a",1,3,3.01,4.35
